{"cameraMode":{"drawMode":0,"name":"Shaded","section":"Shading Mode"},"sceneLighting":true,"audioPlay":false,"sceneViewState":{"showFog":true,"showMaterialUpdate":false,"showSkybox":true,"showFlares":true,"showImageEffects":true,"showParticleSystems":true},"in2DMode":false,"pivot":{"x":4.789980888366699,"y":8.77900505065918,"z":-5.529820919036865},"rotation":{"x":0.0450727641582489,"y":0.8182953596115112,"z":-0.06478000432252884,"w":0.5693546533584595},"size":43.685401916503909,"orthographic":false}