{"cameraMode":{"drawMode":0,"name":"Shaded","section":"Shading Mode"},"sceneLighting":true,"audioPlay":false,"sceneViewState":{"showFog":true,"showMaterialUpdate":false,"showSkybox":true,"showFlares":true,"showImageEffects":true,"showParticleSystems":true},"in2DMode":false,"pivot":{"x":0.023388683795928956,"y":3.1770107746124269,"z":-0.25012513995170596},"rotation":{"x":0.1930633932352066,"y":-0.34606197476387026,"z":0.07300037145614624,"w":0.9152260422706604},"size":8.689258575439454,"orthographic":true}