{"cameraMode":{"drawMode":0,"name":"Shaded","section":"Shading Mode"},"sceneLighting":true,"audioPlay":false,"sceneViewState":{"showFog":true,"showMaterialUpdate":false,"showSkybox":true,"showFlares":true,"showImageEffects":true,"showParticleSystems":true},"in2DMode":false,"pivot":{"x":-1.4139800071716309,"y":17.343393325805665,"z":-20.51705551147461},"rotation":{"x":0.29482564330101015,"y":0.027228467166423799,"z":-0.008404803462326527,"w":0.9551260471343994},"size":13.796915054321289,"orthographic":true}